{"fullscreen":true,"width":0,"height":240,"scale":1,"startScene":"start","version":"0.5.0","clearColor":[0.03529411764705882,0.06274509803921569,0.20392156862745098,1]}
